Date/Time,Media Description,Media Link
"You uploaded a photo on August 7, 2025 at 8:01 PM (GMT)", -,https://media.licdn.com/dms/image/v2/D4D03AQFW5tIBMckO5w/profile-displayphoto-scale_100_100/B4DZiGH8o.GQAc-/0/1754596888770?e=1762992000&v=beta&t=EynQtjM9G1h-ZdHuO6v-h_saj0CSeMm_sir8nzkKnXM
"You uploaded a profile photo on August 7, 2025 at 8:00 PM (GMT)", -,https://media.licdn.com/dms/image/v2/D4D04AQETV1duUkKw4g/profile-originalphoto-shrink_900_1200/B4DZiGHx9qGkAM-/0/1754596844241?e=1762992000&v=beta&t=e8eEhRcjqBatiB_0Lq6cwHCRi4EbkWasGlliPZ0Lk5M
"You uploaded a feed photo on July 21, 2023 at 2:14 PM (GMT)", -,https://media.licdn.com/dms/image/v2/D4D22AQF-M-HzLPftbA/feedshare-shrink_2048_1536/feedshare-shrink_2048_1536/0/1689948843952?e=1762992000&v=beta&t=8GE8tWBvrzSLD45cFVFP_eUnpbK82LP5KUUtxkF2-h8
"You uploaded a feed photo on July 15, 2023 at 2:35 PM (GMT)","Acabei de ganhar minha Microsoft Certified: Azure Data Fundamentals! Animado para o pr?ximo passo.
",https://media.licdn.com/dms/image/v2/D4D22AQHhmrxdlwHYnQ/feedshare-shrink_2048_1536/feedshare-shrink_2048_1536/0/1689431731079?e=1762992000&v=beta&t=Xv3ykcfxUx5BtGEJaq921Gqm0W7dnHVlH3MYu1c970E
"You uploaded a feed photo on May 26, 2022 at 6:13 PM (GMT)","Recentemente estava estudando como tornar a API de mensagens do telegram ?til e tive a ideia de criar um notificador que monitore servi?os em um datacenter (Banco de Dados, ICMP Ping, Fila de Emails Zimbra, CPU, RAM, Espa?o em Disco).

Usei node.js e Express para criar a aplica??o que captura os dados de ferramentas de monitoramento ( Zabbix ) ou bancos de dados.

Acabou que agora estamos utilizando no Grupo Fornecedora para monitoramento e por v?rias vezes se tornou ?til.

No print abaixo, tinha acabado de fazer o deploy da aplica??o em produ??o e, pouco tempo depois, j? capturou alguns eventos que foram corrigidos prontamente. 

#zabbix #sqlserver #zimbra #monitoramento #node #javascript",https://media.licdn.com/dms/image/v2/C4E22AQHDuR6q-6kkBw/feedshare-shrink_2048_1536/feedshare-shrink_2048_1536/0/1653588839520?e=1762992000&v=beta&t=e8rGnJ-qB_6UWzsaLxKTXhuElcerKp9rau8W0gWt4oU
"You uploaded a profile background photo on May 12, 2022 at 3:52 PM (GMT)", -,https://media.licdn.com/dms/image/v2/C4D16AQHrpjPhGkTwDg/profile-displaybackgroundimage-shrink_200_800/profile-displaybackgroundimage-shrink_200_800/0/1652370756881?e=1762992000&v=beta&t=_dBigM-SGGQLLi2fxNGVrPrpqnDK32grqLNzOXAnKdY
"You uploaded a profile background photo on May 12, 2022 at 3:52 PM (GMT)", -,https://media.licdn.com/dms/image/v2/C4D04AQFWAC0VVtMTwA/profile-originalbackgroundimage-shrink_396_1584/profile-originalbackgroundimage-shrink_396_1584/0/1652370756884?e=1762992000&v=beta&t=LZzDjJd2iKfrRZdXwTjnZah2rbH9LMwKwmTwba-wGb0
"You uploaded a feed document on April 18, 2022 at 2:58 PM (GMT)",Sempre em busca de novos conhecimentos!,https://media.licdn.com/dms/document/media/v2/C4D1FAQF_XT-aGuAJow/feedshare-document-url-metadata-scrapper-pdf/feedshare-document-url-metadata-scrapper-pdf/0/1650293923762?e=1762113600&v=beta&t=a1NUw5cu8y5dLGb3dmA6Q9S7e0QckIiZq1BMH9MpCQ4
